{"y": [0.08454413414001465, 0.044206976890563965, 0.029097723960876464, 0.023651981353759767, 0.027082109451293947], "x": [1, 2, 3, 4, 5], "cpu_count": 4}