{"y": [0.19552834828694662, 0.10114296277364095, 0.0906387170155843, 0.05378572146097819, 0.04457465807596842, 0.0487363338470459, 0.04266802469889323, 0.030647993087768555, 0.03760218620300293, 0.025878747304280598, 0.0298613707224528, 0.02804732322692871, 0.02657341957092285, 0.02515864372253418, 0.023914257685343426, 0.019780079523722332, 0.02212691307067871, 0.021351734797159832, 0.02063274383544922, 0.016957918802897137, 0.0196073055267334, 0.01887067159016927, 0.018862009048461914, 0.01877562204996745, 0.015229304631551107, 0.017368634541829426, 0.017174323399861652, 0.017843325932820637, 0.01660299301147461, 0.016312042872111004, 0.015934308369954426, 0.014100313186645508, 0.019700368245442707, 0.01919730504353841, 0.01887234052022298, 0.019160747528076172, 0.01875003178914388, 0.018290042877197266, 0.018023173014322918, 0.015927632649739582, 0.01740399996439616, 0.017347971598307293, 0.017115672429402668, 0.01670233408610026, 0.016782045364379883, 0.0168453852335612, 0.01631466547648112, 0.016489346822102863, 0.01647297541300456, 0.014627377192179361, 0.016144434611002605, 0.016006072362263996, 0.01596999168395996, 0.015496253967285156, 0.015361626942952475, 0.015463987986246744, 0.0155336062113444, 0.015439033508300781, 0.016546010971069336, 0.016231298446655273, 0.018558343251546223, 0.016486644744873047, 0.016843080520629883, 0.014999310175577799, 0.016751686731974285, 0.018364350001017254, 0.017554362614949543, 0.016617377599080402, 0.01711877187093099, 0.016193469365437824, 0.016332546869913738, 0.01663827896118164, 0.01717368761698405, 0.01711304982503255, 0.016266743342081707, 0.017247358957926433, 0.01648736000061035, 0.017340342203776043, 0.016886075337727863, 0.015057007471720377, 0.017063379287719727, 0.0167849858601888, 0.016581376393636067, 0.017075300216674805, 0.017300923665364582, 0.01698931058247884, 0.016932566960652668, 0.016717036565144856, 0.01713864008585612, 0.01715262730916341, 0.017371416091918945, 0.017586628595987957, 0.017278750737508137, 0.017683664957682293, 0.018345991770426433], "x": [1, 2, 3, 4, 5, 6, 7, 8, 9, 10, 11, 12, 13, 14, 15, 16, 17, 18, 19, 20, 21, 22, 23, 24, 25, 26, 27, 28, 29, 30, 31, 32, 33, 34, 35, 36, 37, 38, 39, 40, 41, 42, 43, 44, 45, 46, 47, 48, 49, 50, 51, 52, 53, 54, 55, 56, 57, 58, 59, 60, 61, 62, 63, 64, 65, 66, 67, 68, 69, 70, 71, 72, 73, 74, 75, 76, 77, 78, 79, 80, 81, 82, 83, 84, 85, 86, 87, 88, 89, 90, 91, 92, 93, 94, 95], "cpu_count": 64}