{"y": [0.1965937316417694, 0.10137555003166199, 0.09100943803787231, 0.05458641052246094, 0.044998347759246826, 0.04928937554359436, 0.042879462242126465, 0.030424028635025024, 0.036219000816345215, 0.026158541440963745, 0.030068129301071167, 0.03127202391624451, 0.026705652475357056, 0.025271207094192505, 0.024674654006958008, 0.01923564076423645, 0.02217373251914978, 0.021643400192260742, 0.020764559507369995, 0.01749977469444275, 0.019625753164291382, 0.019466251134872437, 0.01863497495651245, 0.018821239471435547, 0.01540401577949524, 0.018198341131210327, 0.017232179641723633, 0.016912102699279785, 0.016531646251678467, 0.01632314920425415, 0.016310006380081177, 0.01447439193725586, 0.019711852073669434, 0.019801855087280273, 0.01967260241508484, 0.018820971250534058, 0.01871204376220703, 0.01866614818572998, 0.01831752061843872, 0.016463130712509155, 0.01793992519378662, 0.01770922541618347, 0.017142385244369507, 0.017019957304000854, 0.016949892044067383, 0.01680728793144226, 0.016735315322875977, 0.016171693801879883, 0.01618117094039917, 0.01474049687385559, 0.015980660915374756, 0.01592835783958435, 0.015953660011291504, 0.01630347967147827, 0.016019999980926514, 0.015637129545211792, 0.015888601541519165, 0.01579388976097107, 0.015792012214660645, 0.01592537760734558, 0.01710912585258484, 0.016614317893981934, 0.016898274421691895, 0.015881717205047607, 0.0169391930103302, 0.017831891775131226, 0.01733306050300598, 0.017177045345306396, 0.018622159957885742, 0.016674041748046875, 0.01719731092453003, 0.016591131687164307, 0.016966670751571655, 0.01688617467880249, 0.017012745141983032, 0.016771763563156128, 0.01673033833503723, 0.017130941152572632, 0.017364501953125, 0.01563727855682373, 0.01715514063835144, 0.017337292432785034, 0.017327338457107544, 0.017105907201766968, 0.016797035932540894, 0.016878724098205566, 0.016825377941131592, 0.017252564430236816, 0.01748707890510559, 0.01827046275138855, 0.017362087965011597, 0.017855912446975708, 0.017813831567764282, 0.017405331134796143, 0.017539501190185547], "x": [1, 2, 3, 4, 5, 6, 7, 8, 9, 10, 11, 12, 13, 14, 15, 16, 17, 18, 19, 20, 21, 22, 23, 24, 25, 26, 27, 28, 29, 30, 31, 32, 33, 34, 35, 36, 37, 38, 39, 40, 41, 42, 43, 44, 45, 46, 47, 48, 49, 50, 51, 52, 53, 54, 55, 56, 57, 58, 59, 60, 61, 62, 63, 64, 65, 66, 67, 68, 69, 70, 71, 72, 73, 74, 75, 76, 77, 78, 79, 80, 81, 82, 83, 84, 85, 86, 87, 88, 89, 90, 91, 92, 93, 94, 95], "cpu_count": 64}