{"y": [0.28, 0.14333333333333334, 0.09499999999999999, 0.07, 0.06, 0.049999999999999996, 0.06166666666666667, 0.036666666666666674, 0.045000000000000005, 0.03, 0.03666666666666667, 0.021666666666666667, 0.03333333333333333, 0.03, 0.02, 0.02, 0.02, 0.023333333333333334, 0.02, 0.011666666666666667, 0.021666666666666667, 0.02, 0.021666666666666667, 0.015000000000000001, 0.01, 0.015, 0.011666666666666667, 0.01, 0.011666666666666665, 0.01, 0.01, 0.01, 0.021666666666666667, 0.02, 0.02, 0.02, 0.02, 0.02, 0.02, 0.01, 0.01, 0.01, 0.01, 0.01, 0.01, 0.01, 0.011666666666666667, 0.01, 0.01, 0.01, 0.01, 0.01, 0.01, 0.01, 0.01, 0.013333333333333334, 0.01, 0.01, 0.01, 0.01, 0.01, 0.01, 0.01, 0.01, 0.01, 0.015, 0.01, 0.01, 0.01333333333333333, 0.01, 0.015, 0.011666666666666667, 0.013333333333333334, 0.013333333333333334, 0.01, 0.011666666666666667, 0.011666666666666667, 0.013333333333333334, 0.018333333333333333, 0.01, 0.015, 0.015, 0.016666666666666666, 0.015000000000000001, 0.01333333333333333, 0.018333333333333333, 0.013333333333333334, 0.016666666666666666, 0.014999999999999998, 0.015000000000000001, 0.013333333333333334, 0.013333333333333334, 0.011666666666666665, 0.015000000000000001, 0.011666666666666667], "x": [1, 2, 3, 4, 5, 6, 7, 8, 9, 10, 11, 12, 13, 14, 15, 16, 17, 18, 19, 20, 21, 22, 23, 24, 25, 26, 27, 28, 29, 30, 31, 32, 33, 34, 35, 36, 37, 38, 39, 40, 41, 42, 43, 44, 45, 46, 47, 48, 49, 50, 51, 52, 53, 54, 55, 56, 57, 58, 59, 60, 61, 62, 63, 64, 65, 66, 67, 68, 69, 70, 71, 72, 73, 74, 75, 76, 77, 78, 79, 80, 81, 82, 83, 84, 85, 86, 87, 88, 89, 90, 91, 92, 93, 94, 95], "cpu_count": 64}