{"y": [1.255, 0.8649999999999999, 0.8225, 0.46749999999999997, 0.38, 0.42, 0.34500000000000003, 0.2025, 0.2025, 0.125, 0.14, 0.1325, 0.13, 0.1225, 0.12, 0.1025, 0.14750000000000002, 0.14, 0.13, 0.095, 0.12, 0.1125, 0.11, 0.1075, 0.08, 0.1, 0.0925, 0.09, 0.0925, 0.085, 0.085, 0.06, 0.10250000000000001, 0.1, 0.10500000000000001, 0.1075, 0.1, 0.1, 0.1, 0.08, 0.09, 0.09, 0.0925, 0.09, 0.09, 0.08499999999999999, 0.08, 0.08, 0.08, 0.07, 0.08, 0.08, 0.07, 0.07500000000000001, 0.07250000000000001, 0.07, 0.07, 0.07, 0.07, 0.07, 0.07, 0.06, 0.065, 0.057499999999999996, 0.0825, 0.08, 0.08, 0.08499999999999999, 0.08, 0.08, 0.08, 0.08, 0.08, 0.08, 0.07750000000000001, 0.08, 0.08, 0.08, 0.08, 0.0625, 0.07750000000000001, 0.07250000000000001, 0.08, 0.07250000000000001, 0.07250000000000001, 0.07, 0.07, 0.07, 0.07, 0.07, 0.07, 0.07, 0.07, 0.07, 0.07], "x": [1, 2, 3, 4, 5, 6, 7, 8, 9, 10, 11, 12, 13, 14, 15, 16, 17, 18, 19, 20, 21, 22, 23, 24, 25, 26, 27, 28, 29, 30, 31, 32, 33, 34, 35, 36, 37, 38, 39, 40, 41, 42, 43, 44, 45, 46, 47, 48, 49, 50, 51, 52, 53, 54, 55, 56, 57, 58, 59, 60, 61, 62, 63, 64, 65, 66, 67, 68, 69, 70, 71, 72, 73, 74, 75, 76, 77, 78, 79, 80, 81, 82, 83, 84, 85, 86, 87, 88, 89, 90, 91, 92, 93, 94, 95], "cpu_count": 64}